JulesBelveze: jules@dust.tt
pinotalexandre: alexandre@dust.tt
aubin-tchoi: aubin@dust.tt
PopDaph: daph@dust.tt
Duncid: ed@dust.tt
flvndvd: flavien@dust.tt
gabriel: gabriel@dust.tt
fontanierh: henry@dust.tt
overmode: lucas@dust.tt
Yutcam: pauline@dust.tt
philipperolet: pr@dust.tt
Fraggle: seb@dust.tt
spolu: spolu@dust.tt
thib-martin: thibault@dust.tt
tdraier: thomas@dust.tt
albandum: alban@dust.tt
theo-vanneufville: theo@dust.tt
frankaloia: frank@dust.tt
adrsimon: adrien@dust.tt
ykmsd: yuka@dust.tt
FlagBenett: stephen@dust.tt
